[나홀로뉴욕여행] 엠파이어 스테이트 빌딩에서 뉴욕을 바라보다.,http://blog.naver.com/nau2001/220293034126,2015.04.18. 22:27,http://blogthumb2.naver.net/20150418_286/nau2001_142932886448433fdD_JPEG/adsfsas.jpg?type=s1,24,뉴욕,PL,RE,,,,
[미국 뉴욕여행] 영화 &lt;악마는 프라다를 입는다&gt;로 본 뉴욕!,http://blog.naver.com/sooparkeg/220341834897,2015.04.26. 11:45,http://blogthumb2.naver.net/20150426_161/sooparkeg_1430013951981kbzFa_JPEG/The.Devil.Wears.Prada.2006.BluRay.720p.x264.AC3-CMCT.mkv_000045567.jpg?type=s1,19,뉴욕,PL,,,,,
[뉴욕여행] 뉴욕공공도서관 / 그랜드센트럴터미널 / 쉑쉑버거,http://blog.naver.com/bbuok/220338399886,2015.04.22. 16:02,http://blogthumb2.naver.net/20150421_138/bbuok_1429603666633uzcHs_JPEG/DSC00344.JPG?type=s1,51,뉴욕,PL,,,,,
뉴욕여행 :Halloween &#9786;,http://blog.naver.com/jeuna29/220334631912,2015.04.18. 20:14,http://blogthumb2.naver.net/20150418_197/jeuna29_1429354254431E6hm7_JPEG/%B9%AB%C1%A6-22_%BA%B9%BB%E7.jpg?type=s1,31,뉴욕,PL,,,,,
뉴욕여행 #3.,http://blog.naver.com/cherryfoxy/220334967837,2015.04.19. 07:41,http://blogthumb2.naver.net/20150419_150/cherryfoxy_1429396808551qWfse_JPEG/NaverBlog_20150418_184006_01.jpg?type=s1,30,뉴욕,PL,,,,,
여자 혼자 뉴욕 여행하기 #1,http://blog.naver.com/catherine713/220344361203,2015.04.28. 21:51,http://blogthumb2.naver.net/20150428_286/catherine713_1430225485732a10Y7_JPEG/NaverBlog_20150428_085124_00.jpg?type=s1,8,뉴욕,PL,,,,,
뉴욕여행 :소호맛집:루비스(Ruby,http://blog.naver.com/jjoe_s/220329628077,2015.04.13. 20:09,http://blogthumb2.naver.net/20150413_291/jjoe_s_1428922189237l2leK_JPEG/114.JPG?type=s1,35,뉴욕,PL,RE,,,,
뉴욕여행 ver.1 - 한국 - 나리타 - 뉴왁공황,http://blog.naver.com/hkandys0907/220327193709,2015.04.11. 01:52,http://blogthumb2.naver.net/20150405_1/hkandys0907_1428241526591IlsCU_JPEG/P20141225_054713875_F6D95D3F-49CF-4AD7-8AC6-D9F16F1F9968.JPG?type=s1,14,뉴욕,PL,,,,,
[뉴욕여행]/ 뉴욕 포토북 제작 / 스냅스(Snaps),http://blog.naver.com/yeseul6073/220331953844,2015.04.15. 23:12,http://blogthumb2.naver.net/20150415_270/yeseul6073_1429105284806bapn4_JPEG/1.JPG?type=s1,22,뉴욕,PL,,,,,
뉴욕 여행 Day 1- 타임 스퀘이- 뮤지컬 GiGi,http://blog.naver.com/juliec0506/220344426220,2015.04.28. 22:55,http://blogthumb2.naver.net/20150421_227/juliec0506_1429579386722VqE1w_JPEG/DSC_0352.jpg?type=s1,17,뉴욕,PL,,,,,
[뉴욕여행] 뉴욕은 힘들다...그럼에도 또 가고 싶은 곳.,http://blog.naver.com/sye302/220338366683,2015.04.22. 15:31,http://blogthumb2.naver.net/20150422_234/sye302_1429684274392N56u2_JPEG/2015-03-29-14-33-30_deco.jpg?type=s1,10,뉴욕,PL,,,,,
뉴욕여행 선물-,http://blog.naver.com/ogol79/220343867040,2015.04.28. 13:42,http://blogthumb2.naver.net/20150418_217/ogol79_1429330320350KXPcD_JPEG/IMG_1778.JPG?type=s1,12,뉴욕,PL,,,,,
2015 뉴욕 여행 7. 브룩클린,http://blog.naver.com/xodxodxods/220319188038,2015.04.03. 00:23,http://blogthumb2.naver.net/20150403_209/xodxodxods_1427988219063z2erl_JPEG/NaverBlog_20150402_162336_40.jpg?type=s1,30,뉴욕,PL,,,,,
뉴욕여행- 다섯째날 1.(자유의 여신상),http://blog.naver.com/ssuk3513/220332769634,2015.04.16. 19:19,http://blogthumb2.naver.net/20150416_20/ssuk3513_142917434658011JrL_JPEG/SAM_2464.JPG?type=s1,14,뉴욕,PL,,,,TR,
뉴욕여행 Ver.4 (플라이트클럽),http://blog.naver.com/hkandys0907/220340065776,2015.04.28. 10:00,http://blogthumb2.naver.net/20150420_258/hkandys0907_1429513436036D2gg6_JPEG/P20141229_025836586_96560786-DBC4-47C0-8B99-9562DDB75A1F.JPG?type=s1,15,뉴욕,PL,,,,,
미국뉴욕여행(17)_르라보 향수(LE LABO)_20141001,http://blog.naver.com/hswstar/220321052154,2015.04.05. 01:34,http://blogthumb2.naver.net/20150405_286/hswstar_1428164579278Hd2JT_JPEG/20141001_164241.jpg?type=s1,14,뉴욕,PL,,,,,
[New York] 뉴욕여행// 나이아가라 폭포 (Niagara Falls) 당일치기 여행_일정- 가는방법,http://blog.naver.com/myghdlrptkd/220344605886,2015.04.29. 05:12,http://blogthumb2.naver.net/20150429_190/myghdlrptkd_1430250205913xkS9C_JPEG/%C5%A9%B1%E2%BA%AF%C8%AF_DSC01862.JPG?type=s1,18,뉴욕,PL,,,,,
뉴욕여행 Ver.5 (우드버리 ),http://blog.naver.com/hkandys0907/220340070152,2015.04.29. 10:00,http://blogthumb2.naver.net/20150420_207/hkandys0907_1429514269337Vmk3M_JPEG/P20141229_222638151_1267D2D3-454D-458C-ACE7-2869393B396F.JPG?type=s1,3,뉴욕,PL,,,SH,,
뉴욕여행 x 인스타그램사진 x 사진대방출,http://blog.naver.com/jjii913/220325255791,2015.04.09. 08:43,http://blogthumb2.naver.net/20150409_298/jjii913_1428535468560ozzuQ_JPEG/4f58a682ede911e2a88722000a1f90d0_7.jpg?type=s1,36,뉴욕,PL,,,,,
2013년 뉴욕여행 x 인스타그램 사진 대방출,http://blog.naver.com/jjii913/220325263053,2015.04.09. 08:59,http://blogthumb2.naver.net/20150409_267/jjii913_14285371897624k0of_JPEG/82026642f1ca11e2bfd922000ae90db3_7.jpg?type=s1,46,뉴욕,PL,,,,,
[뉴욕여행코스] 핵심코스 3일만에 돌아보기!,http://blog.naver.com/maxvoca/220338167254,2015.04.22. 12:04,http://blogthumb2.naver.net/20150422_233/maxvoca_1429668269624jVm9t_JPEG/%B4%BA%BF%E5%BF%A9%C7%E0%C4%DA%BD%BA1.jpg?type=s1,6,뉴욕,PL,,,,,
뉴욕 자유여행 # 첼시마켓에 다녀오다 !,http://blog.naver.com/alice0953/220334707529,2015.04.18. 21:48,http://blogthumb2.naver.net/20150415_186/alice0953_1429072765938Suida_JPEG/%C5%A9%B1%E2%BA%AF%C8%AF_DSC00988.JPG?type=s1,46,뉴욕,PL,,,,,
［D-day 4］뉴욕여행 준비하기 - 유심칩 구매기^^,http://blog.naver.com/ben810402/220334075221,2015.04.18. 01:17,http://blogthumb2.naver.net/20150418_211/ben810402_1429290084862FKpgJ_JPEG/2015-04-14_01%3B52%3B48.jpg?type=s1,13,뉴욕,PL,,,,,SM
[미국 뉴욕여행] 뉴욕에서의 첫 식사는 일본식 벤또~~,http://blog.naver.com/jt_style/220339153494,2015.04.23. 11:25,http://blogthumb2.naver.net/20150423_14/jt_style_1429756148609bE8ra_JPEG/DSC08582.JPG?type=s1,18,뉴욕,PL,,,,,